
INSERT INTO COMPLAINT VALUES('JAYANTH','12345678','ROBBERY','STUFFS BEEN STOLEN FROM HOME');
INSERT INTO COMPLAINT VALUES('SANJAY','12345677','THEFT','VEHICLE BEEN STOLEN');
INSERT INTO COMPLAINT VALUES('ANANTH','12345676','FORGERY','FORGERY OF MY SIGNATURE ON SOME DOCUMENTS');
INSERT INTO COMPLAINT VALUES('TEJUS','12345675','LARCENY','STUFFS BEEN STOLEN FROM HOME');
INSERT INTO PETITIONER VALUES('JAYANTH','32','M','450 Stone, Houston,TX','12345678');
INSERT INTO PETITIONER VALUES('VARUN','35','M','638 voss,Houston,TX','12345677');
INSERT INTO PETITIONER VALUES('SUDHA','25','F','731 Fondren,Houston,TX','12345676');
INSERT INTO PETITIONER VALUES('CHIRAG','39','M','291 Berry, Bellaire,Tx','12345675');
INSERT INTO ACCUSED VALUES('JENNIFER','26','F','241 Berry, Bellaire,Tx','12345678');
INSERT INTO ACCUSED VALUES('SOFIA','28','F','341 Stone, Bellaire,Tx','12345677');
INSERT INTO ACCUSED VALUES('JAMES','29','M','21 FORDEN, Bellaire,Tx','12345676');
INSERT INTO ACCUSED VALUES('JOHN','30','M','241 STONE, Bellaire,Tx','12345675');
INSERT INTO CRIME VALUES('12345678','450 Stone, Houston,TX','20:30','2018-05-22','ROBBERY');
INSERT INTO CRIME VALUES('12345677','638 voss,Houston,TX','18:30','2018-06-22','THEFT');
INSERT INTO CRIME VALUES('12345676','731 Fondren,Houston,TX','10:30','2018-04-22','FORGERY');
INSERT INTO CRIME VALUES('12345675','291 Berry, Bellaire,Tx','08:30','2018-07-22','LARCENY');
INSERT INTO FIR VALUES('12345','20:12','THIEF','2018-05-22','12345678');
INSERT INTO FIR VALUES('12344','10:12','ROBBERY','2018-04-22','12345677');
INSERT INTO FIR VALUES('12343','08:12','THIEF','2018-06-22','12345676');
INSERT INTO FIR VALUES('12342','06:12','THIEF','2018-07-22','12345675');
INSERT INTO INVESTIGATION VALUES('1234','12345678','2018-05-22','2019-05-22');
INSERT INTO INVESTIGATION VALUES('1235','12345677','2018-06-22','2019-02-22');
INSERT INTO INVESTIGATION VALUES('1236','12345676','2018-07-22','2019-01-22');
INSERT INTO INVESTIGATION VALUES('1237','12345675','2018-04-22','2019-06-22');
INSERT INTO EVIDENCE VALUES('12345678','','','');
INSERT INTO EVIDENCE VALUES('12345677','','','');
INSERT INTO EVIDENCE VALUES('12345675','','','');
INSERT INTO EVIDENCE VALUES('12345676','','','');
INSERT INTO OFFICER VALUES('JAMES','32','M','MORNING','12345678','0001');
INSERT INTO OFFICER VALUES('ROBERT','39','M','NIGHT','12345677','0002');
INSERT INTO OFFICER VALUES('NATASHA','31','F','MORNING','12345676','0003');
INSERT INTO OFFICER VALUES('SUSAN','32','M','MORNING','12345675','0004');
INSERT INTO VICTIM VALUES('JONAS','29','M','','12345678');
INSERT INTO VICTIM VALUES('CARDI','23','F','ENGLAND','12345676');
INSERT INTO VICTIM VALUES('NIKKI','32','M','AMERICA','12345677');
INSERT INTO VICTIM VALUES('VARUN','42','M','MUMBAI','12345675');
INSERT INTO POSTMORTOM VALUES('12345','12345678','F','ELIZEBETH','12345678');
INSERT INTO POSTMORTOM VALUES('12344','12345677','M','TONY','12345677');
INSERT INTO POSTMORTOM VALUES('12343','12345676','M','CHRIS','12345676');
INSERT INTO POSTMORTOM VALUES('12342','12345675','F','ELIZEBETH','12345675');
INSERT INTO CHARGE_SHEET VALUES('12345','JENNIFER','ROBBERY','12345678','','HARLEY','12345678');
INSERT INTO CHARGE_SHEET VALUES('12344','SOFIA','THEFT','12345677','','QUIN','12345677');
INSERT INTO CHARGE_SHEET VALUES('12343','JAMES','FORGERY','12345676','','HARRY','12345676');
INSERT INTO CHARGE_SHEET VALUES('12342','JOHN','ROBBERY','12345675','','PARKER','12345675');
INSERT INTO SECTION_OF_LAW VALUES('DEATH','452','12345678');
INSERT INTO SECTION_OF_LAW VALUES('3YRS JAIL','352','12345677');
INSERT INTO SECTION_OF_LAW VALUES('2YRS JAIL','456','12345676');
INSERT INTO SECTION_OF_LAW VALUES('1YRS','454','12345675');
INSERT INTO OUTCOME VALUES('','12345678');
INSERT INTO OUTCOME VALUES('','12345677');
INSERT INTO OUTCOME VALUES('','12345675');
INSERT INTO OUTCOME VALUES('','12345676');






